<?xml version="1.0" encoding="UTF-8"?>
<project-private xmlns="http://www.netbeans.org/ns/project-private/1">
    <editor-bookmarks xmlns="http://www.netbeans.org/ns/editor-bookmarks/2" lastBookmarkId="0"/>
    <open-files xmlns="http://www.netbeans.org/ns/projectui-open-files/2">
        <group>
            <file>file:/C:/Users/CHANGE.OF.HEART/Documents/NetBeansProjects/MyWebApp2/src/java/servlet/TeacherServlet.java</file>
            <file>file:/C:/Users/CHANGE.OF.HEART/Documents/NetBeansProjects/MyWebApp2/src/java/CRUDcontrol/TeacherDAO.java</file>
            <file>file:/C:/Users/CHANGE.OF.HEART/Documents/NetBeansProjects/MyWebApp2/src/java/CRUDcontrol/StudentDAO.java</file>
            <file>file:/C:/Users/CHANGE.OF.HEART/Documents/NetBeansProjects/MyWebApp2/src/java/servlet/CustomerServlet.java</file>
            <file>file:/C:/Users/CHANGE.OF.HEART/Documents/NetBeansProjects/MyWebApp2/web/customer-list.jsp</file>
            <file>file:/C:/Users/CHANGE.OF.HEART/Documents/NetBeansProjects/MyWebApp2/web/student-list.jsp</file>
            <file>file:/C:/Users/CHANGE.OF.HEART/Documents/NetBeansProjects/MyWebApp2/src/java/CRUDcontrol/CustomerDAO.java</file>
            <file>file:/C:/Users/CHANGE.OF.HEART/Documents/NetBeansProjects/MyWebApp2/web/teacher-list.jsp</file>
            <file>file:/C:/Users/CHANGE.OF.HEART/Documents/NetBeansProjects/MyWebApp2/src/java/servlet/StudentServlet.java</file>
        </group>
    </open-files>
</project-private>
