<?xml version="1.0" encoding="UTF-8"?>
<project-private xmlns="http://www.netbeans.org/ns/project-private/1">
    <editor-bookmarks xmlns="http://www.netbeans.org/ns/editor-bookmarks/2" lastBookmarkId="0"/>
    <open-files xmlns="http://www.netbeans.org/ns/projectui-open-files/2">
        <group>
            <file>file:/C:/Users/CHANGE.OF.HEART/Documents/NetBeansProjects/MyWebApp/src/java/servlet/HelloServlet.java</file>
            <file>file:/C:/Users/CHANGE.OF.HEART/Documents/NetBeansProjects/MyWebApp/web/WEB-INF/web.xml</file>
            <file>file:/C:/Users/CHANGE.OF.HEART/Documents/NetBeansProjects/MyWebApp/web/Hello.jsp</file>
            <file>file:/C:/Users/CHANGE.OF.HEART/Documents/NetBeansProjects/MyWebApp/web/LogIn.jsp</file>
            <file>file:/C:/Users/CHANGE.OF.HEART/Documents/NetBeansProjects/MyWebApp/web/index.html</file>
            <file>file:/C:/Users/CHANGE.OF.HEART/Documents/NetBeansProjects/MyWebApp/src/java/servlet/LogInServlet.java</file>
        </group>
    </open-files>
</project-private>
